,saversion,saverest,areasymbol,areaname,lkey,musym,muname,museq,mukey,comppct_r,compname,localphase,slope_r,cokey,hzdept_r,hzdepb_r,ksat_r,sandtotal_r,claytotal_r,silttotal_r,dbthirdbar_r,partdensity,wsatiated_r,chkey
0,24,9/9/2025 12:18:18 PM,MD003,"Anne Arundel County, Maryland",10950,WBA,"Widewater and Issue soils, 0 to 2 percent slopes, frequently flooded",135,137713,5,Longmarsh,,1.0,27484721,0.0,5.0,600.0,0.0,0.0,0.0,0.23,1.76,70.0,82085302
1,24,9/9/2025 12:18:18 PM,MD003,"Anne Arundel County, Maryland",10950,WBA,"Widewater and Issue soils, 0 to 2 percent slopes, frequently flooded",135,137713,5,Longmarsh,,1.0,27484721,86.0,203.0,92.0,77.0,5.0,18.0,1.55,2.65,39.0,82085301
2,24,9/9/2025 12:18:18 PM,MD003,"Anne Arundel County, Maryland",10950,WBA,"Widewater and Issue soils, 0 to 2 percent slopes, frequently flooded",135,137713,5,Longmarsh,,1.0,27484721,48.0,86.0,28.0,67.0,15.0,18.0,1.53,2.65,39.0,82085303
3,24,9/9/2025 12:18:18 PM,MD003,"Anne Arundel County, Maryland",10950,WBA,"Widewater and Issue soils, 0 to 2 percent slopes, frequently flooded",135,137713,5,Longmarsh,,1.0,27484721,5.0,48.0,9.0,39.0,17.0,44.0,1.4,2.65,38.0,82085304
4,24,9/9/2025 12:18:18 PM,MD003,"Anne Arundel County, Maryland",10950,WBA,"Widewater and Issue soils, 0 to 2 percent slopes, frequently flooded",135,137713,5,Shrewsbury,,1.0,27484722,0.0,17.0,12.0,44.3,19.9,35.8,1.16,2.65,52.0,82085307
5,24,9/9/2025 12:18:18 PM,MD003,"Anne Arundel County, Maryland",10950,WBA,"Widewater and Issue soils, 0 to 2 percent slopes, frequently flooded",135,137713,5,Shrewsbury,,1.0,27484722,17.0,23.0,8.0,46.7,19.0,34.3,1.17,2.65,52.0,82085306
6,24,9/9/2025 12:18:18 PM,MD003,"Anne Arundel County, Maryland",10950,WBA,"Widewater and Issue soils, 0 to 2 percent slopes, frequently flooded",135,137713,5,Shrewsbury,,1.0,27484722,23.0,71.0,8.0,48.3,33.2,18.5,1.52,2.65,40.0,82085305
7,24,9/9/2025 12:18:18 PM,MD003,"Anne Arundel County, Maryland",10950,WBA,"Widewater and Issue soils, 0 to 2 percent slopes, frequently flooded",135,137713,5,Shrewsbury,,1.0,27484722,71.0,208.0,8.0,53.3,25.2,21.5,1.3,2.65,48.0,82085308
8,24,9/9/2025 12:18:18 PM,MD003,"Anne Arundel County, Maryland",10950,WBA,"Widewater and Issue soils, 0 to 2 percent slopes, frequently flooded",135,137713,10,Zekiah,,1.0,27484723,89.0,152.0,18.0,36.0,12.0,52.0,1.35,2.65,40.0,82085299
9,24,9/9/2025 12:18:18 PM,MD003,"Anne Arundel County, Maryland",10950,WBA,"Widewater and Issue soils, 0 to 2 percent slopes, frequently flooded",135,137713,10,Zekiah,,1.0,27484723,152.0,183.0,18.0,72.0,8.0,20.0,1.45,2.65,42.0,82085297
10,24,9/9/2025 12:18:18 PM,MD003,"Anne Arundel County, Maryland",10950,WBA,"Widewater and Issue soils, 0 to 2 percent slopes, frequently flooded",135,137713,10,Zekiah,,1.0,27484723,25.0,89.0,9.0,22.0,14.0,64.0,1.5,2.65,46.0,82085300
11,24,9/9/2025 12:18:18 PM,MD003,"Anne Arundel County, Maryland",10950,WBA,"Widewater and Issue soils, 0 to 2 percent slopes, frequently flooded",135,137713,10,Zekiah,,1.0,27484723,0.0,25.0,12.0,48.9,8.6,42.5,1.25,2.65,49.0,82085298
12,24,9/9/2025 12:18:18 PM,MD003,"Anne Arundel County, Maryland",10950,WBA,"Widewater and Issue soils, 0 to 2 percent slopes, frequently flooded",135,137713,41,Widewater,,1.0,27484724,20.0,112.0,2.5,40.0,20.0,40.0,1.55,2.65,45.0,82085134
13,24,9/9/2025 12:18:18 PM,MD003,"Anne Arundel County, Maryland",10950,WBA,"Widewater and Issue soils, 0 to 2 percent slopes, frequently flooded",135,137713,41,Widewater,,1.0,27484724,0.0,10.0,12.0,40.1,16.6,43.3,1.33,2.65,48.0,82085132
14,24,9/9/2025 12:18:18 PM,MD003,"Anne Arundel County, Maryland",10950,WBA,"Widewater and Issue soils, 0 to 2 percent slopes, frequently flooded",135,137713,41,Widewater,,1.0,27484724,112.0,170.0,2.5,43.0,22.0,35.0,1.33,2.65,48.0,82085133
15,24,9/9/2025 12:18:18 PM,MD003,"Anne Arundel County, Maryland",10950,WBA,"Widewater and Issue soils, 0 to 2 percent slopes, frequently flooded",135,137713,41,Widewater,,1.0,27484724,10.0,20.0,2.5,57.0,18.0,25.0,1.55,2.65,48.0,82085131
16,24,9/9/2025 12:18:18 PM,MD003,"Anne Arundel County, Maryland",10950,WBA,"Widewater and Issue soils, 0 to 2 percent slopes, frequently flooded",135,137713,41,Widewater,,1.0,27484724,170.0,178.0,1.0,20.0,45.0,35.0,1.48,2.65,37.0,82085135
17,24,9/9/2025 12:18:18 PM,MD003,"Anne Arundel County, Maryland",10950,WBA,"Widewater and Issue soils, 0 to 2 percent slopes, frequently flooded",135,137713,39,Issue,,1.0,27484725,76.0,147.0,42.0,71.6,8.0,20.4,1.45,2.65,43.0,82085128
18,24,9/9/2025 12:18:18 PM,MD003,"Anne Arundel County, Maryland",10950,WBA,"Widewater and Issue soils, 0 to 2 percent slopes, frequently flooded",135,137713,39,Issue,,1.0,27484725,147.0,178.0,9.0,33.7,16.2,50.1,1.2,2.65,51.0,82085126
19,24,9/9/2025 12:18:18 PM,MD003,"Anne Arundel County, Maryland",10950,WBA,"Widewater and Issue soils, 0 to 2 percent slopes, frequently flooded",135,137713,39,Issue,,1.0,27484725,48.0,76.0,9.0,69.8,9.9,20.3,1.45,2.65,43.0,82085127
20,24,9/9/2025 12:18:18 PM,MD003,"Anne Arundel County, Maryland",10950,WBA,"Widewater and Issue soils, 0 to 2 percent slopes, frequently flooded",135,137713,39,Issue,,1.0,27484725,10.0,48.0,9.0,27.6,25.0,47.4,1.45,2.65,42.0,82085129
21,24,9/9/2025 12:18:18 PM,MD003,"Anne Arundel County, Maryland",10950,WBA,"Widewater and Issue soils, 0 to 2 percent slopes, frequently flooded",135,137713,39,Issue,,1.0,27484725,0.0,10.0,9.2,24.0,15.4,60.6,1.33,2.65,40.0,82085130
22,24,9/9/2025 12:18:18 PM,MD003,"Anne Arundel County, Maryland",10950,CoB,"Collington-Wist complex, 2 to 5 percent slopes",28,137737,15,Adelphia,,4.0,27484233,56.0,119.0,9.0,47.0,20.0,33.0,1.6,2.65,38.0,82084212
23,24,9/9/2025 12:18:18 PM,MD003,"Anne Arundel County, Maryland",10950,CoB,"Collington-Wist complex, 2 to 5 percent slopes",28,137737,15,Adelphia,,4.0,27484233,3.0,48.0,78.0,82.0,8.0,10.0,1.5,2.65,40.0,82084210
24,24,9/9/2025 12:18:18 PM,MD003,"Anne Arundel County, Maryland",10950,CoB,"Collington-Wist complex, 2 to 5 percent slopes",28,137737,15,Adelphia,,4.0,27484233,48.0,56.0,23.0,76.0,15.0,9.0,1.6,2.65,38.0,82084211
25,24,9/9/2025 12:18:18 PM,MD003,"Anne Arundel County, Maryland",10950,CoB,"Collington-Wist complex, 2 to 5 percent slopes",28,137737,15,Adelphia,,4.0,27484233,119.0,180.0,9.0,73.0,15.0,12.0,1.6,2.65,36.0,82084213
26,24,9/9/2025 12:18:18 PM,MD003,"Anne Arundel County, Maryland",10950,CoB,"Collington-Wist complex, 2 to 5 percent slopes",28,137737,15,Adelphia,,4.0,27484233,180.0,203.0,23.0,70.0,10.0,20.0,1.6,2.65,38.0,82084214
27,24,9/9/2025 12:18:18 PM,MD003,"Anne Arundel County, Maryland",10950,CoB,"Collington-Wist complex, 2 to 5 percent slopes",28,137737,15,Adelphia,,4.0,27484233,0.0,3.0,28.0,66.9,10.0,23.1,1.5,2.65,39.0,82084215
28,24,9/9/2025 12:18:18 PM,MD003,"Anne Arundel County, Maryland",10950,CoB,"Collington-Wist complex, 2 to 5 percent slopes",28,137737,35,Wist,,4.0,27484234,43.0,104.0,22.0,60.0,24.8,15.2,1.44,2.65,,82084218
29,24,9/9/2025 12:18:18 PM,MD003,"Anne Arundel County, Maryland",10950,CoB,"Collington-Wist complex, 2 to 5 percent slopes",28,137737,35,Wist,,4.0,27484234,0.0,33.0,28.0,74.4,9.6,16.0,1.58,2.65,37.0,82084216
30,24,9/9/2025 12:18:18 PM,MD003,"Anne Arundel County, Maryland",10950,CoB,"Collington-Wist complex, 2 to 5 percent slopes",28,137737,35,Wist,,4.0,27484234,104.0,208.0,28.0,70.3,13.3,16.4,1.26,2.65,47.0,82084219
31,24,9/9/2025 12:18:18 PM,MD003,"Anne Arundel County, Maryland",10950,CoB,"Collington-Wist complex, 2 to 5 percent slopes",28,137737,35,Wist,,4.0,27484234,33.0,43.0,28.0,66.3,12.6,21.1,1.4,2.65,43.0,82084217
32,24,9/9/2025 12:18:18 PM,MD003,"Anne Arundel County, Maryland",10950,CoB,"Collington-Wist complex, 2 to 5 percent slopes",28,137737,50,Collington,,4.0,27484235,25.0,86.0,4.23,60.6,21.8,17.6,1.41,2.65,44.0,82084222
33,24,9/9/2025 12:18:18 PM,MD003,"Anne Arundel County, Maryland",10950,CoB,"Collington-Wist complex, 2 to 5 percent slopes",28,137737,50,Collington,,4.0,27484235,0.0,25.0,28.0,75.5,15.8,8.7,1.57,2.65,38.0,82084221
34,24,9/9/2025 12:18:18 PM,MD003,"Anne Arundel County, Maryland",10950,CoB,"Collington-Wist complex, 2 to 5 percent slopes",28,137737,50,Collington,,4.0,27484235,86.0,183.0,4.23,72.6,17.9,9.5,1.47,2.65,42.0,82084220
35,24,9/9/2025 12:18:18 PM,MD003,"Anne Arundel County, Maryland",10950,CoC,"Collington-Wist complex, 5 to 10 percent slopes",29,137738,5,Tinton,,8.0,27484236,,,,,,,,,,-1
36,24,9/9/2025 12:18:18 PM,MD003,"Anne Arundel County, Maryland",10950,CoC,"Collington-Wist complex, 5 to 10 percent slopes",29,137738,15,Adelphia,,8.0,27484237,56.0,119.0,9.0,47.0,20.0,33.0,1.6,2.65,38.0,82084225
37,24,9/9/2025 12:18:18 PM,MD003,"Anne Arundel County, Maryland",10950,CoC,"Collington-Wist complex, 5 to 10 percent slopes",29,137738,15,Adelphia,,8.0,27484237,3.0,48.0,78.0,82.0,8.0,10.0,1.5,2.65,40.0,82084223
38,24,9/9/2025 12:18:18 PM,MD003,"Anne Arundel County, Maryland",10950,CoC,"Collington-Wist complex, 5 to 10 percent slopes",29,137738,15,Adelphia,,8.0,27484237,48.0,56.0,23.0,76.0,15.0,9.0,1.6,2.65,38.0,82084224
39,24,9/9/2025 12:18:18 PM,MD003,"Anne Arundel County, Maryland",10950,CoC,"Collington-Wist complex, 5 to 10 percent slopes",29,137738,15,Adelphia,,8.0,27484237,119.0,180.0,9.0,73.0,15.0,12.0,1.6,2.65,36.0,82084226
40,24,9/9/2025 12:18:18 PM,MD003,"Anne Arundel County, Maryland",10950,CoC,"Collington-Wist complex, 5 to 10 percent slopes",29,137738,15,Adelphia,,8.0,27484237,180.0,203.0,23.0,70.0,10.0,20.0,1.6,2.65,38.0,82084228
41,24,9/9/2025 12:18:18 PM,MD003,"Anne Arundel County, Maryland",10950,CoC,"Collington-Wist complex, 5 to 10 percent slopes",29,137738,15,Adelphia,,8.0,27484237,0.0,3.0,28.0,66.9,10.0,23.1,1.5,2.65,39.0,82084227
42,24,9/9/2025 12:18:18 PM,MD003,"Anne Arundel County, Maryland",10950,CoC,"Collington-Wist complex, 5 to 10 percent slopes",29,137738,35,Wist,,8.0,27484238,43.0,104.0,22.0,60.0,24.8,15.2,1.44,2.65,,82084231
43,24,9/9/2025 12:18:18 PM,MD003,"Anne Arundel County, Maryland",10950,CoC,"Collington-Wist complex, 5 to 10 percent slopes",29,137738,35,Wist,,8.0,27484238,0.0,33.0,28.0,74.4,9.6,16.0,1.58,2.65,37.0,82084229
44,24,9/9/2025 12:18:18 PM,MD003,"Anne Arundel County, Maryland",10950,CoC,"Collington-Wist complex, 5 to 10 percent slopes",29,137738,35,Wist,,8.0,27484238,104.0,208.0,28.0,70.3,13.3,16.4,1.26,2.65,47.0,82084232
45,24,9/9/2025 12:18:18 PM,MD003,"Anne Arundel County, Maryland",10950,CoC,"Collington-Wist complex, 5 to 10 percent slopes",29,137738,35,Wist,,8.0,27484238,33.0,43.0,28.0,66.3,12.6,21.1,1.4,2.65,43.0,82084230
46,24,9/9/2025 12:18:18 PM,MD003,"Anne Arundel County, Maryland",10950,CoC,"Collington-Wist complex, 5 to 10 percent slopes",29,137738,45,Collington,,8.0,27484239,25.0,86.0,4.23,60.6,21.8,17.6,1.41,2.65,44.0,82084235
47,24,9/9/2025 12:18:18 PM,MD003,"Anne Arundel County, Maryland",10950,CoC,"Collington-Wist complex, 5 to 10 percent slopes",29,137738,45,Collington,,8.0,27484239,0.0,25.0,28.0,75.5,15.8,8.7,1.57,2.65,38.0,82084234
48,24,9/9/2025 12:18:18 PM,MD003,"Anne Arundel County, Maryland",10950,CoC,"Collington-Wist complex, 5 to 10 percent slopes",29,137738,45,Collington,,8.0,27484239,86.0,183.0,4.23,72.6,17.9,9.5,1.47,2.65,42.0,82084233
49,24,9/9/2025 12:18:18 PM,MD003,"Anne Arundel County, Maryland",10950,DcA,"Deale-Shadyoak complex, 0 to 2 percent slopes",41,137750,10,Mattapex,,1.0,27484290,18.0,33.0,2.7,20.0,13.0,67.0,1.6,2.65,48.0,82084397
50,24,9/9/2025 12:18:18 PM,MD003,"Anne Arundel County, Maryland",10950,DcA,"Deale-Shadyoak complex, 0 to 2 percent slopes",41,137750,10,Mattapex,,1.0,27484290,81.0,107.0,0.91,25.0,21.0,54.0,1.6,,46.0,82084401
51,24,9/9/2025 12:18:18 PM,MD003,"Anne Arundel County, Maryland",10950,DcA,"Deale-Shadyoak complex, 0 to 2 percent slopes",41,137750,10,Mattapex,,1.0,27484290,5.0,18.0,2.7,20.0,13.0,67.0,1.6,2.65,48.0,82084400
52,24,9/9/2025 12:18:18 PM,MD003,"Anne Arundel County, Maryland",10950,DcA,"Deale-Shadyoak complex, 0 to 2 percent slopes",41,137750,10,Mattapex,,1.0,27484290,33.0,81.0,0.91,20.0,25.0,55.0,1.6,2.65,46.0,82084399
53,24,9/9/2025 12:18:18 PM,MD003,"Anne Arundel County, Maryland",10950,DcA,"Deale-Shadyoak complex, 0 to 2 percent slopes",41,137750,10,Mattapex,,1.0,27484290,107.0,203.0,28.2,75.0,9.0,16.0,1.75,2.65,39.0,82084402
54,24,9/9/2025 12:18:18 PM,MD003,"Anne Arundel County, Maryland",10950,DcA,"Deale-Shadyoak complex, 0 to 2 percent slopes",41,137750,10,Mattapex,,1.0,27484290,0.0,5.0,9.0,24.0,15.4,60.6,1.33,2.65,48.0,82084398
55,24,9/9/2025 12:18:18 PM,MD003,"Anne Arundel County, Maryland",10950,DcA,"Deale-Shadyoak complex, 0 to 2 percent slopes",41,137750,10,Cumberstone,,1.0,27484291,58.0,84.0,2.2,16.4,16.9,66.7,1.5,2.65,43.0,82084407
56,24,9/9/2025 12:18:18 PM,MD003,"Anne Arundel County, Maryland",10950,DcA,"Deale-Shadyoak complex, 0 to 2 percent slopes",41,137750,10,Cumberstone,,1.0,27484291,84.0,137.0,2.0,25.9,38.8,35.3,1.45,2.65,41.0,82084406
57,24,9/9/2025 12:18:18 PM,MD003,"Anne Arundel County, Maryland",10950,DcA,"Deale-Shadyoak complex, 0 to 2 percent slopes",41,137750,10,Cumberstone,,1.0,27484291,157.0,183.0,7.7,47.6,36.9,15.5,1.4,2.65,42.0,82084408
58,24,9/9/2025 12:18:18 PM,MD003,"Anne Arundel County, Maryland",10950,DcA,"Deale-Shadyoak complex, 0 to 2 percent slopes",41,137750,10,Cumberstone,,1.0,27484291,137.0,157.0,2.2,42.2,40.6,17.2,1.4,2.65,42.0,82084404
59,24,9/9/2025 12:18:18 PM,MD003,"Anne Arundel County, Maryland",10950,DcA,"Deale-Shadyoak complex, 0 to 2 percent slopes",41,137750,10,Cumberstone,,1.0,27484291,0.0,23.0,9.0,24.2,21.7,54.1,1.33,2.65,45.0,82084405
60,24,9/9/2025 12:18:18 PM,MD003,"Anne Arundel County, Maryland",10950,DcA,"Deale-Shadyoak complex, 0 to 2 percent slopes",41,137750,10,Cumberstone,,1.0,27484291,23.0,58.0,2.2,14.9,33.6,51.5,1.5,2.65,43.0,82084403
61,24,9/9/2025 12:18:18 PM,MD003,"Anne Arundel County, Maryland",10950,DcA,"Deale-Shadyoak complex, 0 to 2 percent slopes",41,137750,35,Shadyoak,,1.0,27484292,74.0,89.0,5.0,25.5,26.6,47.9,1.5,2.65,41.0,82084411
62,24,9/9/2025 12:18:18 PM,MD003,"Anne Arundel County, Maryland",10950,DcA,"Deale-Shadyoak complex, 0 to 2 percent slopes",41,137750,35,Shadyoak,,1.0,27484292,89.0,132.0,9.0,33.1,26.9,40.0,1.5,2.65,41.0,82084412
63,24,9/9/2025 12:18:18 PM,MD003,"Anne Arundel County, Maryland",10950,DcA,"Deale-Shadyoak complex, 0 to 2 percent slopes",41,137750,35,Shadyoak,,1.0,27484292,147.0,180.0,28.0,71.4,17.7,10.9,1.55,2.65,39.0,82084413
64,24,9/9/2025 12:18:18 PM,MD003,"Anne Arundel County, Maryland",10950,DcA,"Deale-Shadyoak complex, 0 to 2 percent slopes",41,137750,35,Shadyoak,,1.0,27484292,180.0,191.0,28.0,70.6,18.4,11.0,1.55,2.65,39.0,82084414
65,24,9/9/2025 12:18:18 PM,MD003,"Anne Arundel County, Maryland",10950,DcA,"Deale-Shadyoak complex, 0 to 2 percent slopes",41,137750,35,Shadyoak,,1.0,27484292,23.0,74.0,9.0,6.5,25.8,67.7,1.5,2.65,41.0,82084409
66,24,9/9/2025 12:18:18 PM,MD003,"Anne Arundel County, Maryland",10950,DcA,"Deale-Shadyoak complex, 0 to 2 percent slopes",41,137750,35,Shadyoak,,1.0,27484292,0.0,23.0,9.0,11.6,18.0,70.4,1.33,2.65,45.0,82084415
67,24,9/9/2025 12:18:18 PM,MD003,"Anne Arundel County, Maryland",10950,DcA,"Deale-Shadyoak complex, 0 to 2 percent slopes",41,137750,35,Shadyoak,,1.0,27484292,132.0,147.0,9.0,46.2,23.6,30.2,1.5,2.65,41.0,82084410
68,24,9/9/2025 12:18:18 PM,MD003,"Anne Arundel County, Maryland",10950,DcA,"Deale-Shadyoak complex, 0 to 2 percent slopes",41,137750,45,Deale,,1.0,27484293,127.0,155.0,0.9,6.3,47.4,46.3,1.3,2.65,42.0,82084420
69,24,9/9/2025 12:18:18 PM,MD003,"Anne Arundel County, Maryland",10950,DcA,"Deale-Shadyoak complex, 0 to 2 percent slopes",41,137750,45,Deale,,1.0,27484293,155.0,183.0,0.9,21.2,42.7,36.1,1.36,2.65,45.0,82084421
70,24,9/9/2025 12:18:18 PM,MD003,"Anne Arundel County, Maryland",10950,DcA,"Deale-Shadyoak complex, 0 to 2 percent slopes",41,137750,45,Deale,,1.0,27484293,91.0,117.0,3.0,12.2,26.0,61.8,1.44,2.65,41.0,82084418
71,24,9/9/2025 12:18:18 PM,MD003,"Anne Arundel County, Maryland",10950,DcA,"Deale-Shadyoak complex, 0 to 2 percent slopes",41,137750,45,Deale,,1.0,27484293,20.0,81.0,3.0,22.2,30.0,47.8,1.48,2.65,43.0,82084422
72,24,9/9/2025 12:18:18 PM,MD003,"Anne Arundel County, Maryland",10950,DcA,"Deale-Shadyoak complex, 0 to 2 percent slopes",41,137750,45,Deale,,1.0,27484293,117.0,127.0,28.0,72.8,11.4,15.8,1.64,2.65,39.0,82084419
73,24,9/9/2025 12:18:18 PM,MD003,"Anne Arundel County, Maryland",10950,DcA,"Deale-Shadyoak complex, 0 to 2 percent slopes",41,137750,45,Deale,,1.0,27484293,81.0,91.0,9.0,61.8,16.9,21.3,1.54,2.65,39.0,82084417
74,24,9/9/2025 12:18:18 PM,MD003,"Anne Arundel County, Maryland",10950,DcA,"Deale-Shadyoak complex, 0 to 2 percent slopes",41,137750,45,Deale,,1.0,27484293,0.0,20.0,9.0,23.7,16.6,59.7,1.46,2.65,45.0,82084416
75,24,9/9/2025 12:18:18 PM,MD003,"Anne Arundel County, Maryland",10950,DfB,"Dodon very fine sandy loam, 2 to 5 percent slopes",44,137753,10,fine-loamy Aquic Paleudults,,,27484301,,,,,,,,,,-1
76,24,9/9/2025 12:18:18 PM,MD003,"Anne Arundel County, Maryland",10950,DfB,"Dodon very fine sandy loam, 2 to 5 percent slopes",44,137753,10,Marr,,3.0,27484302,64.0,145.0,9.0,69.9,21.6,8.5,1.51,,38.0,82084446
77,24,9/9/2025 12:18:18 PM,MD003,"Anne Arundel County, Maryland",10950,DfB,"Dodon very fine sandy loam, 2 to 5 percent slopes",44,137753,10,Marr,,3.0,27484302,145.0,193.0,28.0,84.3,9.8,5.9,1.5,,40.0,82084448
78,24,9/9/2025 12:18:18 PM,MD003,"Anne Arundel County, Maryland",10950,DfB,"Dodon very fine sandy loam, 2 to 5 percent slopes",44,137753,10,Marr,,3.0,27484302,30.0,64.0,9.0,52.5,16.3,31.2,1.6,,38.0,82084445
79,24,9/9/2025 12:18:18 PM,MD003,"Anne Arundel County, Maryland",10950,DfB,"Dodon very fine sandy loam, 2 to 5 percent slopes",44,137753,10,Marr,,3.0,27484302,0.0,30.0,28.0,66.9,10.0,23.1,1.5,,39.0,82084447
80,24,9/9/2025 12:18:18 PM,MD003,"Anne Arundel County, Maryland",10950,DfB,"Dodon very fine sandy loam, 2 to 5 percent slopes",44,137753,80,Dodon,,3.0,27484303,119.0,185.0,15.0,47.1,16.0,36.9,1.49,,42.0,82084451
81,24,9/9/2025 12:18:18 PM,MD003,"Anne Arundel County, Maryland",10950,DfB,"Dodon very fine sandy loam, 2 to 5 percent slopes",44,137753,80,Dodon,,3.0,27484303,41.0,119.0,8.0,49.7,21.1,29.2,1.55,,41.0,82084452
82,24,9/9/2025 12:18:18 PM,MD003,"Anne Arundel County, Maryland",10950,DfB,"Dodon very fine sandy loam, 2 to 5 percent slopes",44,137753,80,Dodon,,3.0,27484303,13.0,41.0,9.0,55.2,10.3,34.5,1.5,,39.0,82084450
83,24,9/9/2025 12:18:18 PM,MD003,"Anne Arundel County, Maryland",10950,DfB,"Dodon very fine sandy loam, 2 to 5 percent slopes",44,137753,80,Dodon,,3.0,27484303,0.0,13.0,9.0,56.7,9.3,34.0,1.45,,39.0,82084449
84,24,9/9/2025 12:18:18 PM,MD003,"Anne Arundel County, Maryland",10950,MaB,"Marr-Dodon complex, 2 to 5 percent slopes",72,137788,10,Hambrook,,3.0,27484440,140.0,183.0,77.63,75.0,7.0,18.0,1.55,2.65,31.0,82084762
85,24,9/9/2025 12:18:18 PM,MD003,"Anne Arundel County, Maryland",10950,MaB,"Marr-Dodon complex, 2 to 5 percent slopes",72,137788,10,Hambrook,,3.0,27484440,5.0,25.0,23.29,60.0,14.0,26.0,1.55,2.65,39.0,82084758
86,24,9/9/2025 12:18:18 PM,MD003,"Anne Arundel County, Maryland",10950,MaB,"Marr-Dodon complex, 2 to 5 percent slopes",72,137788,10,Hambrook,,3.0,27484440,104.0,140.0,77.63,71.0,6.0,23.0,1.55,2.65,37.0,82084761
87,24,9/9/2025 12:18:18 PM,MD003,"Anne Arundel County, Maryland",10950,MaB,"Marr-Dodon complex, 2 to 5 percent slopes",72,137788,10,Hambrook,,3.0,27484440,25.0,46.0,9.17,62.0,18.0,20.0,1.53,2.65,40.0,82084759
88,24,9/9/2025 12:18:18 PM,MD003,"Anne Arundel County, Maryland",10950,MaB,"Marr-Dodon complex, 2 to 5 percent slopes",72,137788,10,Hambrook,,3.0,27484440,46.0,104.0,2.33,48.0,27.0,25.0,1.6,2.65,39.0,82084760
89,24,9/9/2025 12:18:18 PM,MD003,"Anne Arundel County, Maryland",10950,MaB,"Marr-Dodon complex, 2 to 5 percent slopes",72,137788,10,Hambrook,,3.0,27484440,0.0,5.0,23.29,65.4,15.0,19.6,1.33,2.65,45.0,82084757
90,24,9/9/2025 12:18:18 PM,MD003,"Anne Arundel County, Maryland",10950,MaB,"Marr-Dodon complex, 2 to 5 percent slopes",72,137788,10,Liverpool,,3.0,27484441,13.0,33.0,8.0,22.6,19.8,57.6,1.54,2.65,39.0,82084763
91,24,9/9/2025 12:18:18 PM,MD003,"Anne Arundel County, Maryland",10950,MaB,"Marr-Dodon complex, 2 to 5 percent slopes",72,137788,10,Liverpool,,3.0,27484441,33.0,89.0,0.91,21.6,34.6,43.8,1.63,2.65,36.0,82084765
92,24,9/9/2025 12:18:18 PM,MD003,"Anne Arundel County, Maryland",10950,MaB,"Marr-Dodon complex, 2 to 5 percent slopes",72,137788,10,Liverpool,,3.0,27484441,89.0,163.0,0.91,54.8,24.7,20.5,1.75,2.65,32.0,82084764
93,24,9/9/2025 12:18:18 PM,MD003,"Anne Arundel County, Maryland",10950,MaB,"Marr-Dodon complex, 2 to 5 percent slopes",72,137788,10,Liverpool,,3.0,27484441,163.0,188.0,4.0,68.9,22.8,8.3,1.68,2.65,34.0,82084768
94,24,9/9/2025 12:18:18 PM,MD003,"Anne Arundel County, Maryland",10950,MaB,"Marr-Dodon complex, 2 to 5 percent slopes",72,137788,10,Liverpool,,3.0,27484441,5.0,13.0,9.0,26.3,13.2,60.5,1.62,2.65,36.0,82084767
95,24,9/9/2025 12:18:18 PM,MD003,"Anne Arundel County, Maryland",10950,MaB,"Marr-Dodon complex, 2 to 5 percent slopes",72,137788,10,Liverpool,,3.0,27484441,0.0,5.0,9.0,30.7,12.5,56.8,1.4,2.65,39.0,82084766
96,24,9/9/2025 12:18:18 PM,MD003,"Anne Arundel County, Maryland",10950,MaB,"Marr-Dodon complex, 2 to 5 percent slopes",72,137788,35,Dodon,,3.0,27484442,123.0,163.0,28.0,78.2,11.5,10.3,1.5,2.65,41.0,82084771
97,24,9/9/2025 12:18:18 PM,MD003,"Anne Arundel County, Maryland",10950,MaB,"Marr-Dodon complex, 2 to 5 percent slopes",72,137788,35,Dodon,,3.0,27484442,91.0,123.0,28.0,54.1,22.6,23.3,1.5,2.65,41.0,82084769
98,24,9/9/2025 12:18:18 PM,MD003,"Anne Arundel County, Maryland",10950,MaB,"Marr-Dodon complex, 2 to 5 percent slopes",72,137788,35,Dodon,,3.0,27484442,0.0,23.0,28.0,66.9,10.0,23.1,1.5,2.65,39.0,82084772
99,24,9/9/2025 12:18:18 PM,MD003,"Anne Arundel County, Maryland",10950,MaB,"Marr-Dodon complex, 2 to 5 percent slopes",72,137788,35,Dodon,,3.0,27484442,23.0,91.0,8.0,46.8,29.6,23.6,1.5,2.65,41.0,82084770
100,24,9/9/2025 12:18:18 PM,MD003,"Anne Arundel County, Maryland",10950,MaB,"Marr-Dodon complex, 2 to 5 percent slopes",72,137788,45,Marr,,3.0,27484443,64.0,145.0,9.0,69.9,21.6,8.5,1.51,2.65,38.0,82084775
101,24,9/9/2025 12:18:18 PM,MD003,"Anne Arundel County, Maryland",10950,MaB,"Marr-Dodon complex, 2 to 5 percent slopes",72,137788,45,Marr,,3.0,27484443,145.0,193.0,28.0,84.3,9.8,5.9,1.5,2.65,40.0,82084776
102,24,9/9/2025 12:18:18 PM,MD003,"Anne Arundel County, Maryland",10950,MaB,"Marr-Dodon complex, 2 to 5 percent slopes",72,137788,45,Marr,,3.0,27484443,0.0,30.0,28.0,66.9,10.0,23.1,1.5,2.65,39.0,82084773
103,24,9/9/2025 12:18:18 PM,MD003,"Anne Arundel County, Maryland",10950,MaB,"Marr-Dodon complex, 2 to 5 percent slopes",72,137788,45,Marr,,3.0,27484443,30.0,64.0,9.0,52.5,16.3,31.2,1.6,2.65,38.0,82084774
104,24,9/9/2025 12:18:18 PM,MD003,"Anne Arundel County, Maryland",10950,MaC,"Marr-Dodon complex, 5 to 10 percent slopes",73,137789,5,Howell,,7.0,27484444,0.0,13.0,4.5,31.1,36.3,32.6,1.24,2.65,47.0,82084777
105,24,9/9/2025 12:18:18 PM,MD003,"Anne Arundel County, Maryland",10950,MaC,"Marr-Dodon complex, 5 to 10 percent slopes",73,137789,5,Howell,,7.0,27484444,13.0,43.0,1.41,23.0,45.0,32.0,1.35,2.65,45.0,82084778
106,24,9/9/2025 12:18:18 PM,MD003,"Anne Arundel County, Maryland",10950,MaC,"Marr-Dodon complex, 5 to 10 percent slopes",73,137789,5,Howell,,7.0,27484444,43.0,203.0,1.41,2.0,42.6,55.4,1.4,2.65,45.0,82084779
107,24,9/9/2025 12:18:18 PM,MD003,"Anne Arundel County, Maryland",10950,MaC,"Marr-Dodon complex, 5 to 10 percent slopes",73,137789,10,Piccowaxen,,8.0,27484445,41.0,71.0,8.0,19.4,22.8,57.8,1.63,2.65,36.0,82084782
108,24,9/9/2025 12:18:18 PM,MD003,"Anne Arundel County, Maryland",10950,MaC,"Marr-Dodon complex, 5 to 10 percent slopes",73,137789,10,Piccowaxen,,8.0,27484445,71.0,142.0,1.4,24.6,37.4,38.0,1.49,2.65,41.0,82084783
109,24,9/9/2025 12:18:18 PM,MD003,"Anne Arundel County, Maryland",10950,MaC,"Marr-Dodon complex, 5 to 10 percent slopes",73,137789,10,Piccowaxen,,8.0,27484445,0.0,10.0,12.0,48.9,8.6,42.5,1.25,2.65,49.0,82084780
110,24,9/9/2025 12:18:18 PM,MD003,"Anne Arundel County, Maryland",10950,MaC,"Marr-Dodon complex, 5 to 10 percent slopes",73,137789,10,Piccowaxen,,8.0,27484445,10.0,41.0,9.0,36.4,11.7,51.9,1.53,2.65,40.0,82084781
111,24,9/9/2025 12:18:18 PM,MD003,"Anne Arundel County, Maryland",10950,MaC,"Marr-Dodon complex, 5 to 10 percent slopes",73,137789,10,Piccowaxen,,8.0,27484445,142.0,183.0,4.0,63.8,18.1,18.1,1.5,2.65,41.0,82084784
112,24,9/9/2025 12:18:18 PM,MD003,"Anne Arundel County, Maryland",10950,MaC,"Marr-Dodon complex, 5 to 10 percent slopes",73,137789,50,Marr,,8.0,27484446,64.0,145.0,9.0,69.9,21.6,8.5,1.51,2.65,38.0,82084787
113,24,9/9/2025 12:18:18 PM,MD003,"Anne Arundel County, Maryland",10950,MaC,"Marr-Dodon complex, 5 to 10 percent slopes",73,137789,50,Marr,,8.0,27484446,145.0,193.0,28.0,84.3,9.8,5.9,1.5,2.65,40.0,82084788
114,24,9/9/2025 12:18:18 PM,MD003,"Anne Arundel County, Maryland",10950,MaC,"Marr-Dodon complex, 5 to 10 percent slopes",73,137789,50,Marr,,8.0,27484446,0.0,30.0,28.0,66.9,10.0,23.1,1.5,2.65,39.0,82084785
115,24,9/9/2025 12:18:18 PM,MD003,"Anne Arundel County, Maryland",10950,MaC,"Marr-Dodon complex, 5 to 10 percent slopes",73,137789,50,Marr,,8.0,27484446,30.0,64.0,9.0,52.5,16.3,31.2,1.6,2.65,38.0,82084786
116,24,9/9/2025 12:18:18 PM,MD003,"Anne Arundel County, Maryland",10950,MaC,"Marr-Dodon complex, 5 to 10 percent slopes",73,137789,35,Dodon,,8.0,27484447,123.0,163.0,28.0,78.2,11.5,10.3,1.5,2.65,41.0,82084791
117,24,9/9/2025 12:18:18 PM,MD003,"Anne Arundel County, Maryland",10950,MaC,"Marr-Dodon complex, 5 to 10 percent slopes",73,137789,35,Dodon,,8.0,27484447,91.0,123.0,28.0,54.1,22.6,23.3,1.5,2.65,41.0,82084789
118,24,9/9/2025 12:18:18 PM,MD003,"Anne Arundel County, Maryland",10950,MaC,"Marr-Dodon complex, 5 to 10 percent slopes",73,137789,35,Dodon,,8.0,27484447,0.0,23.0,28.0,66.9,10.0,23.1,1.5,2.65,39.0,82084792
119,24,9/9/2025 12:18:18 PM,MD003,"Anne Arundel County, Maryland",10950,MaC,"Marr-Dodon complex, 5 to 10 percent slopes",73,137789,35,Dodon,,8.0,27484447,23.0,91.0,8.0,46.8,29.6,23.6,1.5,2.65,41.0,82084790
120,24,9/9/2025 12:18:18 PM,MD003,"Anne Arundel County, Maryland",10950,MaD,"Marr-Dodon complex, 10 to 15 percent slopes",74,137790,5,Howell,,13.0,27484448,13.0,43.0,1.41,23.0,45.0,32.0,1.35,2.65,45.0,82084794
121,24,9/9/2025 12:18:18 PM,MD003,"Anne Arundel County, Maryland",10950,MaD,"Marr-Dodon complex, 10 to 15 percent slopes",74,137790,5,Howell,,13.0,27484448,43.0,203.0,1.41,2.0,42.6,55.4,1.4,2.65,45.0,82084795
122,24,9/9/2025 12:18:18 PM,MD003,"Anne Arundel County, Maryland",10950,MaD,"Marr-Dodon complex, 10 to 15 percent slopes",74,137790,5,Howell,,13.0,27484448,0.0,13.0,4.5,31.1,36.3,32.6,1.24,2.65,47.0,82084793
123,24,9/9/2025 12:18:18 PM,MD003,"Anne Arundel County, Maryland",10950,MaD,"Marr-Dodon complex, 10 to 15 percent slopes",74,137790,10,Piccowaxen,,13.0,27484449,71.0,142.0,1.4,24.6,37.4,38.0,1.49,2.65,41.0,82084799
124,24,9/9/2025 12:18:18 PM,MD003,"Anne Arundel County, Maryland",10950,MaD,"Marr-Dodon complex, 10 to 15 percent slopes",74,137790,10,Piccowaxen,,13.0,27484449,41.0,71.0,8.0,19.4,22.8,57.8,1.63,2.65,36.0,82084798
125,24,9/9/2025 12:18:18 PM,MD003,"Anne Arundel County, Maryland",10950,MaD,"Marr-Dodon complex, 10 to 15 percent slopes",74,137790,10,Piccowaxen,,13.0,27484449,0.0,10.0,12.0,48.9,8.6,42.5,1.25,2.65,49.0,82084796
126,24,9/9/2025 12:18:18 PM,MD003,"Anne Arundel County, Maryland",10950,MaD,"Marr-Dodon complex, 10 to 15 percent slopes",74,137790,10,Piccowaxen,,13.0,27484449,10.0,41.0,9.0,36.4,11.7,51.9,1.53,2.65,40.0,82084797
127,24,9/9/2025 12:18:18 PM,MD003,"Anne Arundel County, Maryland",10950,MaD,"Marr-Dodon complex, 10 to 15 percent slopes",74,137790,10,Piccowaxen,,13.0,27484449,142.0,183.0,4.0,63.8,18.1,18.1,1.5,2.65,41.0,82084800
128,24,9/9/2025 12:18:18 PM,MD003,"Anne Arundel County, Maryland",10950,MaD,"Marr-Dodon complex, 10 to 15 percent slopes",74,137790,45,Marr,,13.0,27484450,64.0,145.0,9.0,69.9,21.6,8.5,1.51,2.65,38.0,82084803
129,24,9/9/2025 12:18:18 PM,MD003,"Anne Arundel County, Maryland",10950,MaD,"Marr-Dodon complex, 10 to 15 percent slopes",74,137790,45,Marr,,13.0,27484450,145.0,193.0,28.0,84.3,9.8,5.9,1.5,2.65,40.0,82084804
130,24,9/9/2025 12:18:18 PM,MD003,"Anne Arundel County, Maryland",10950,MaD,"Marr-Dodon complex, 10 to 15 percent slopes",74,137790,45,Marr,,13.0,27484450,0.0,30.0,28.0,66.9,10.0,23.1,1.5,2.65,39.0,82084801
131,24,9/9/2025 12:18:18 PM,MD003,"Anne Arundel County, Maryland",10950,MaD,"Marr-Dodon complex, 10 to 15 percent slopes",74,137790,45,Marr,,13.0,27484450,30.0,64.0,9.0,52.5,16.3,31.2,1.6,2.65,38.0,82084802
132,24,9/9/2025 12:18:18 PM,MD003,"Anne Arundel County, Maryland",10950,MaD,"Marr-Dodon complex, 10 to 15 percent slopes",74,137790,40,Dodon,,13.0,27484451,119.0,185.0,15.0,47.1,16.0,36.9,1.49,2.65,42.0,82084807
133,24,9/9/2025 12:18:18 PM,MD003,"Anne Arundel County, Maryland",10950,MaD,"Marr-Dodon complex, 10 to 15 percent slopes",74,137790,40,Dodon,,13.0,27484451,13.0,41.0,9.0,55.2,10.3,34.5,1.5,2.65,39.0,82084806
134,24,9/9/2025 12:18:18 PM,MD003,"Anne Arundel County, Maryland",10950,MaD,"Marr-Dodon complex, 10 to 15 percent slopes",74,137790,40,Dodon,,13.0,27484451,41.0,119.0,8.0,49.7,21.1,29.2,1.55,2.65,41.0,82084808
135,24,9/9/2025 12:18:18 PM,MD003,"Anne Arundel County, Maryland",10950,MaD,"Marr-Dodon complex, 10 to 15 percent slopes",74,137790,40,Dodon,,13.0,27484451,0.0,13.0,9.0,56.7,9.3,34.0,1.45,2.65,39.0,82084805
136,24,9/9/2025 12:18:18 PM,MD003,"Anne Arundel County, Maryland",10950,MDE,"Marr and Dodon soils, 15 to 25 percent slopes",75,137791,5,Howell,,20.0,27484452,0.0,13.0,4.5,31.1,36.3,32.6,1.24,,47.0,82084809
137,24,9/9/2025 12:18:18 PM,MD003,"Anne Arundel County, Maryland",10950,MDE,"Marr and Dodon soils, 15 to 25 percent slopes",75,137791,5,Howell,,20.0,27484452,13.0,43.0,1.41,23.0,45.0,32.0,1.35,,45.0,82084810
138,24,9/9/2025 12:18:18 PM,MD003,"Anne Arundel County, Maryland",10950,MDE,"Marr and Dodon soils, 15 to 25 percent slopes",75,137791,5,Howell,,20.0,27484452,43.0,203.0,1.41,2.0,42.6,55.4,1.4,,45.0,82084811
139,24,9/9/2025 12:18:18 PM,MD003,"Anne Arundel County, Maryland",10950,MDE,"Marr and Dodon soils, 15 to 25 percent slopes",75,137791,10,Piccowaxen,,20.0,27484453,41.0,71.0,8.0,19.4,22.8,57.8,1.63,2.65,36.0,82084814
140,24,9/9/2025 12:18:18 PM,MD003,"Anne Arundel County, Maryland",10950,MDE,"Marr and Dodon soils, 15 to 25 percent slopes",75,137791,10,Piccowaxen,,20.0,27484453,71.0,142.0,1.4,24.6,37.4,38.0,1.49,2.65,41.0,82084815
141,24,9/9/2025 12:18:18 PM,MD003,"Anne Arundel County, Maryland",10950,MDE,"Marr and Dodon soils, 15 to 25 percent slopes",75,137791,10,Piccowaxen,,20.0,27484453,0.0,10.0,12.0,48.9,8.6,42.5,1.25,2.65,49.0,82084812
142,24,9/9/2025 12:18:18 PM,MD003,"Anne Arundel County, Maryland",10950,MDE,"Marr and Dodon soils, 15 to 25 percent slopes",75,137791,10,Piccowaxen,,20.0,27484453,10.0,41.0,9.0,36.4,11.7,51.9,1.53,2.65,40.0,82084813
143,24,9/9/2025 12:18:18 PM,MD003,"Anne Arundel County, Maryland",10950,MDE,"Marr and Dodon soils, 15 to 25 percent slopes",75,137791,10,Piccowaxen,,20.0,27484453,142.0,183.0,4.0,63.8,18.1,18.1,1.5,,41.0,82084816
144,24,9/9/2025 12:18:18 PM,MD003,"Anne Arundel County, Maryland",10950,MDE,"Marr and Dodon soils, 15 to 25 percent slopes",75,137791,45,Marr,,20.0,27484454,64.0,145.0,9.0,69.9,21.6,8.5,1.51,,38.0,82084819
145,24,9/9/2025 12:18:18 PM,MD003,"Anne Arundel County, Maryland",10950,MDE,"Marr and Dodon soils, 15 to 25 percent slopes",75,137791,45,Marr,,20.0,27484454,145.0,193.0,28.0,84.3,9.8,5.9,1.5,,40.0,82084820
146,24,9/9/2025 12:18:18 PM,MD003,"Anne Arundel County, Maryland",10950,MDE,"Marr and Dodon soils, 15 to 25 percent slopes",75,137791,45,Marr,,20.0,27484454,0.0,8.0,28.0,66.9,10.0,23.1,1.5,,39.0,82084817
147,24,9/9/2025 12:18:18 PM,MD003,"Anne Arundel County, Maryland",10950,MDE,"Marr and Dodon soils, 15 to 25 percent slopes",75,137791,45,Marr,,20.0,27484454,8.0,64.0,9.0,52.5,16.3,31.2,1.6,,38.0,82084818
148,24,9/9/2025 12:18:18 PM,MD003,"Anne Arundel County, Maryland",10950,MDE,"Marr and Dodon soils, 15 to 25 percent slopes",75,137791,40,Dodon,,20.0,27484455,0.0,13.0,9.0,56.7,9.3,34.0,1.45,,39.0,82084821
149,24,9/9/2025 12:18:18 PM,MD003,"Anne Arundel County, Maryland",10950,MDE,"Marr and Dodon soils, 15 to 25 percent slopes",75,137791,40,Dodon,,20.0,27484455,41.0,119.0,8.0,49.7,21.1,29.2,1.55,,41.0,82084824
150,24,9/9/2025 12:18:18 PM,MD003,"Anne Arundel County, Maryland",10950,MDE,"Marr and Dodon soils, 15 to 25 percent slopes",75,137791,40,Dodon,,20.0,27484455,119.0,185.0,15.0,47.1,16.0,36.9,1.49,,42.0,82084823
151,24,9/9/2025 12:18:18 PM,MD003,"Anne Arundel County, Maryland",10950,MDE,"Marr and Dodon soils, 15 to 25 percent slopes",75,137791,40,Dodon,,20.0,27484455,13.0,41.0,9.0,55.2,10.3,34.5,1.5,,39.0,82084822
152,24,9/9/2025 12:18:18 PM,MD003,"Anne Arundel County, Maryland",10950,MDF,"Marr and Dodon soils, 25 to 40 percent slopes",76,137792,10,Piccowaxen,,30.0,27484456,41.0,71.0,8.0,19.4,22.8,57.8,1.63,2.65,36.0,82084827
153,24,9/9/2025 12:18:18 PM,MD003,"Anne Arundel County, Maryland",10950,MDF,"Marr and Dodon soils, 25 to 40 percent slopes",76,137792,10,Piccowaxen,,30.0,27484456,71.0,142.0,1.4,24.6,37.4,38.0,1.49,2.65,41.0,82084828
154,24,9/9/2025 12:18:18 PM,MD003,"Anne Arundel County, Maryland",10950,MDF,"Marr and Dodon soils, 25 to 40 percent slopes",76,137792,10,Piccowaxen,,30.0,27484456,0.0,10.0,12.0,48.9,8.6,42.5,1.25,2.65,49.0,82084825
155,24,9/9/2025 12:18:18 PM,MD003,"Anne Arundel County, Maryland",10950,MDF,"Marr and Dodon soils, 25 to 40 percent slopes",76,137792,10,Piccowaxen,,30.0,27484456,10.0,41.0,9.0,36.4,11.7,51.9,1.53,2.65,40.0,82084826
156,24,9/9/2025 12:18:18 PM,MD003,"Anne Arundel County, Maryland",10950,MDF,"Marr and Dodon soils, 25 to 40 percent slopes",76,137792,10,Piccowaxen,,30.0,27484456,142.0,183.0,4.0,63.8,18.1,18.1,1.5,2.65,41.0,82084829
157,24,9/9/2025 12:18:18 PM,MD003,"Anne Arundel County, Maryland",10950,MDF,"Marr and Dodon soils, 25 to 40 percent slopes",76,137792,50,Marr,,30.0,27484457,64.0,145.0,9.0,69.9,21.6,8.5,1.51,2.65,38.0,82084832
158,24,9/9/2025 12:18:18 PM,MD003,"Anne Arundel County, Maryland",10950,MDF,"Marr and Dodon soils, 25 to 40 percent slopes",76,137792,50,Marr,,30.0,27484457,145.0,193.0,28.0,84.3,9.8,5.9,1.5,2.65,40.0,82084833
159,24,9/9/2025 12:18:18 PM,MD003,"Anne Arundel County, Maryland",10950,MDF,"Marr and Dodon soils, 25 to 40 percent slopes",76,137792,50,Marr,,30.0,27484457,0.0,8.0,28.0,66.9,10.0,23.1,1.5,2.65,39.0,82084830
160,24,9/9/2025 12:18:18 PM,MD003,"Anne Arundel County, Maryland",10950,MDF,"Marr and Dodon soils, 25 to 40 percent slopes",76,137792,50,Marr,,30.0,27484457,8.0,64.0,9.0,52.5,16.3,31.2,1.6,2.65,38.0,82084831
161,24,9/9/2025 12:18:18 PM,MD003,"Anne Arundel County, Maryland",10950,MDF,"Marr and Dodon soils, 25 to 40 percent slopes",76,137792,40,Dodon,,33.0,27484458,0.0,13.0,9.0,56.7,9.3,34.0,1.45,2.65,39.0,82084834
162,24,9/9/2025 12:18:18 PM,MD003,"Anne Arundel County, Maryland",10950,MDF,"Marr and Dodon soils, 25 to 40 percent slopes",76,137792,40,Dodon,,33.0,27484458,41.0,119.0,8.0,49.7,21.1,29.2,1.55,2.65,41.0,82084837
163,24,9/9/2025 12:18:18 PM,MD003,"Anne Arundel County, Maryland",10950,MDF,"Marr and Dodon soils, 25 to 40 percent slopes",76,137792,40,Dodon,,33.0,27484458,119.0,185.0,15.0,47.1,16.0,36.9,1.49,2.65,42.0,82084836
164,24,9/9/2025 12:18:18 PM,MD003,"Anne Arundel County, Maryland",10950,MDF,"Marr and Dodon soils, 25 to 40 percent slopes",76,137792,40,Dodon,,33.0,27484458,13.0,41.0,9.0,55.2,10.3,34.5,1.5,2.65,39.0,82084835
165,24,9/9/2025 12:18:18 PM,MD003,"Anne Arundel County, Maryland",10950,MZA,"Mispillion and Transquaking soils, 0 to 1 percent slopes, tidally flooded",90,137805,15,Hydraquents,,0.0,27484516,25.0,61.0,1.4,13.0,22.0,65.0,0.43,2.65,,82084978
166,24,9/9/2025 12:18:18 PM,MD003,"Anne Arundel County, Maryland",10950,MZA,"Mispillion and Transquaking soils, 0 to 1 percent slopes, tidally flooded",90,137805,15,Hydraquents,,0.0,27484516,0.0,25.0,2.7,15.0,12.0,73.0,0.23,2.65,,82084977
167,24,9/9/2025 12:18:18 PM,MD003,"Anne Arundel County, Maryland",10950,MZA,"Mispillion and Transquaking soils, 0 to 1 percent slopes, tidally flooded",90,137805,15,Hydraquents,,0.0,27484516,61.0,203.0,0.91,10.0,31.0,59.0,0.67,2.65,70.0,82084979
168,24,9/9/2025 12:18:18 PM,MD003,"Anne Arundel County, Maryland",10950,MZA,"Mispillion and Transquaking soils, 0 to 1 percent slopes, tidally flooded",90,137805,40,Transquaking,,1.0,27484517,0.0,117.0,92.0,0.0,1.0,0.0,0.23,,70.0,82084981
169,24,9/9/2025 12:18:18 PM,MD003,"Anne Arundel County, Maryland",10950,MZA,"Mispillion and Transquaking soils, 0 to 1 percent slopes, tidally flooded",90,137805,40,Transquaking,,1.0,27484517,165.0,203.0,0.91,7.0,32.0,61.0,1.5,,39.0,82084982
170,24,9/9/2025 12:18:18 PM,MD003,"Anne Arundel County, Maryland",10950,MZA,"Mispillion and Transquaking soils, 0 to 1 percent slopes, tidally flooded",90,137805,40,Transquaking,,1.0,27484517,117.0,165.0,92.0,0.0,1.0,0.0,0.23,,70.0,82084980
171,24,9/9/2025 12:18:18 PM,MD003,"Anne Arundel County, Maryland",10950,MZA,"Mispillion and Transquaking soils, 0 to 1 percent slopes, tidally flooded",90,137805,45,Mispillion,,0.0,27484518,0.0,61.0,92.0,0.0,1.0,0.0,0.23,1.6,,82084986
172,24,9/9/2025 12:18:18 PM,MD003,"Anne Arundel County, Maryland",10950,MZA,"Mispillion and Transquaking soils, 0 to 1 percent slopes, tidally flooded",90,137805,45,Mispillion,,0.0,27484518,102.0,137.0,9.0,13.0,25.0,62.0,0.9,2.65,36.0,82084983
173,24,9/9/2025 12:18:18 PM,MD003,"Anne Arundel County, Maryland",10950,MZA,"Mispillion and Transquaking soils, 0 to 1 percent slopes, tidally flooded",90,137805,45,Mispillion,,0.0,27484518,137.0,203.0,2.7,20.0,20.0,60.0,1.5,2.65,36.0,82084984
174,24,9/9/2025 12:18:18 PM,MD003,"Anne Arundel County, Maryland",10950,MZA,"Mispillion and Transquaking soils, 0 to 1 percent slopes, tidally flooded",90,137805,45,Mispillion,,0.0,27484518,61.0,102.0,28.0,0.0,1.0,0.0,0.36,1.8,,82084985
175,24,9/9/2025 12:18:18 PM,MD003,"Anne Arundel County, Maryland",10950,SsA,"Shrewsbury loam, 0 to 2 percent slopes",119,137829,5,Keansburg,,,27484668,,,,,,,,,,-1
176,24,9/9/2025 12:18:18 PM,MD003,"Anne Arundel County, Maryland",10950,SsA,"Shrewsbury loam, 0 to 2 percent slopes",119,137829,15,Holmdel,,,27484669,,,,,,,,,,-1
177,24,9/9/2025 12:18:18 PM,MD003,"Anne Arundel County, Maryland",10950,SsA,"Shrewsbury loam, 0 to 2 percent slopes",119,137829,5,Fallsington,,,27484670,,,,,,,,,,-1
178,24,9/9/2025 12:18:18 PM,MD003,"Anne Arundel County, Maryland",10950,SsA,"Shrewsbury loam, 0 to 2 percent slopes",119,137829,75,Shrewsbury,,1.0,27484671,0.0,17.0,12.0,44.3,19.9,35.8,1.16,,52.0,82085077
179,24,9/9/2025 12:18:18 PM,MD003,"Anne Arundel County, Maryland",10950,SsA,"Shrewsbury loam, 0 to 2 percent slopes",119,137829,75,Shrewsbury,,1.0,27484671,17.0,23.0,8.0,46.7,19.0,34.3,1.17,,52.0,82085078
180,24,9/9/2025 12:18:18 PM,MD003,"Anne Arundel County, Maryland",10950,SsA,"Shrewsbury loam, 0 to 2 percent slopes",119,137829,75,Shrewsbury,,1.0,27484671,23.0,71.0,8.0,48.3,33.2,18.5,1.52,,40.0,82085079
181,24,9/9/2025 12:18:18 PM,MD003,"Anne Arundel County, Maryland",10950,SsA,"Shrewsbury loam, 0 to 2 percent slopes",119,137829,75,Shrewsbury,,1.0,27484671,71.0,208.0,8.0,53.3,25.2,21.5,1.3,,48.0,82085080
182,24,9/9/2025 12:18:18 PM,MD003,"Anne Arundel County, Maryland",10950,AdB,"Adelphia-Holmdel complex, 2 to 5 percent slopes",2,609556,15,Wist,,,27484137,,,,,,,,,,-1
183,24,9/9/2025 12:18:18 PM,MD003,"Anne Arundel County, Maryland",10950,AdB,"Adelphia-Holmdel complex, 2 to 5 percent slopes",2,609556,5,Shrewsbury,,1.0,27484138,0.0,17.0,12.0,44.3,19.9,35.8,1.16,,52.0,82083997
184,24,9/9/2025 12:18:18 PM,MD003,"Anne Arundel County, Maryland",10950,AdB,"Adelphia-Holmdel complex, 2 to 5 percent slopes",2,609556,5,Shrewsbury,,1.0,27484138,17.0,23.0,8.0,46.7,19.0,34.3,1.17,,52.0,82083995
185,24,9/9/2025 12:18:18 PM,MD003,"Anne Arundel County, Maryland",10950,AdB,"Adelphia-Holmdel complex, 2 to 5 percent slopes",2,609556,5,Shrewsbury,,1.0,27484138,23.0,71.0,8.0,48.3,33.2,18.5,1.52,,40.0,82083996
186,24,9/9/2025 12:18:18 PM,MD003,"Anne Arundel County, Maryland",10950,AdB,"Adelphia-Holmdel complex, 2 to 5 percent slopes",2,609556,5,Shrewsbury,,1.0,27484138,71.0,208.0,8.0,53.3,25.2,21.5,1.3,,48.0,82083998
187,24,9/9/2025 12:18:18 PM,MD003,"Anne Arundel County, Maryland",10950,AdB,"Adelphia-Holmdel complex, 2 to 5 percent slopes",2,609556,25,Holmdel,,3.0,27484139,0.0,20.0,28.0,66.9,10.0,23.1,1.3,2.65,36.0,82084000
188,24,9/9/2025 12:18:18 PM,MD003,"Anne Arundel County, Maryland",10950,AdB,"Adelphia-Holmdel complex, 2 to 5 percent slopes",2,609556,25,Holmdel,,3.0,27484139,20.0,138.0,9.17,52.0,22.0,26.0,1.55,2.65,39.0,82083999
189,24,9/9/2025 12:18:18 PM,MD003,"Anne Arundel County, Maryland",10950,AdB,"Adelphia-Holmdel complex, 2 to 5 percent slopes",2,609556,25,Holmdel,,3.0,27484139,138.0,183.0,28.0,67.0,11.0,22.0,1.55,2.65,39.0,82084001
190,24,9/9/2025 12:18:18 PM,MD003,"Anne Arundel County, Maryland",10950,AdB,"Adelphia-Holmdel complex, 2 to 5 percent slopes",2,609556,55,Adelphia,,3.0,27484140,56.0,119.0,9.0,47.0,20.0,33.0,1.6,2.65,38.0,82084005
191,24,9/9/2025 12:18:18 PM,MD003,"Anne Arundel County, Maryland",10950,AdB,"Adelphia-Holmdel complex, 2 to 5 percent slopes",2,609556,55,Adelphia,,3.0,27484140,15.0,48.0,78.0,82.0,8.0,10.0,1.5,2.65,40.0,82084007
192,24,9/9/2025 12:18:18 PM,MD003,"Anne Arundel County, Maryland",10950,AdB,"Adelphia-Holmdel complex, 2 to 5 percent slopes",2,609556,55,Adelphia,,3.0,27484140,119.0,180.0,9.0,73.0,15.0,12.0,1.6,2.65,36.0,82084003
193,24,9/9/2025 12:18:18 PM,MD003,"Anne Arundel County, Maryland",10950,AdB,"Adelphia-Holmdel complex, 2 to 5 percent slopes",2,609556,55,Adelphia,,3.0,27484140,48.0,56.0,23.0,76.0,15.0,9.0,1.6,2.65,38.0,82084004
194,24,9/9/2025 12:18:18 PM,MD003,"Anne Arundel County, Maryland",10950,AdB,"Adelphia-Holmdel complex, 2 to 5 percent slopes",2,609556,55,Adelphia,,3.0,27484140,180.0,203.0,23.0,70.0,10.0,20.0,1.6,2.65,38.0,82084006
195,24,9/9/2025 12:18:18 PM,MD003,"Anne Arundel County, Maryland",10950,AdB,"Adelphia-Holmdel complex, 2 to 5 percent slopes",2,609556,55,Adelphia,,3.0,27484140,0.0,15.0,9.0,24.0,15.4,60.6,1.33,2.65,39.0,82084002
196,24,9/9/2025 12:18:18 PM,MD003,"Anne Arundel County, Maryland",10950,AdC,"Adelphia-Holmdel complex, 5 to 10 percent slopes",3,609559,15,Wist,,8.0,27484141,,,,,,,,,,-1
197,24,9/9/2025 12:18:18 PM,MD003,"Anne Arundel County, Maryland",10950,AdC,"Adelphia-Holmdel complex, 5 to 10 percent slopes",3,609559,5,Shrewsbury,,1.0,27484142,0.0,17.0,12.0,44.3,19.9,35.8,1.16,,52.0,82084009
198,24,9/9/2025 12:18:18 PM,MD003,"Anne Arundel County, Maryland",10950,AdC,"Adelphia-Holmdel complex, 5 to 10 percent slopes",3,609559,5,Shrewsbury,,1.0,27484142,17.0,23.0,8.0,46.7,19.0,34.3,1.17,,52.0,82084010
199,24,9/9/2025 12:18:18 PM,MD003,"Anne Arundel County, Maryland",10950,AdC,"Adelphia-Holmdel complex, 5 to 10 percent slopes",3,609559,5,Shrewsbury,,1.0,27484142,23.0,71.0,8.0,48.3,33.2,18.5,1.52,,40.0,82084008
200,24,9/9/2025 12:18:18 PM,MD003,"Anne Arundel County, Maryland",10950,AdC,"Adelphia-Holmdel complex, 5 to 10 percent slopes",3,609559,5,Shrewsbury,,1.0,27484142,71.0,208.0,8.0,53.3,25.2,21.5,1.3,,48.0,82084011
201,24,9/9/2025 12:18:18 PM,MD003,"Anne Arundel County, Maryland",10950,AdC,"Adelphia-Holmdel complex, 5 to 10 percent slopes",3,609559,25,Holmdel,,8.0,27484143,0.0,20.0,28.0,66.9,10.0,23.1,1.3,2.65,36.0,82084013
202,24,9/9/2025 12:18:18 PM,MD003,"Anne Arundel County, Maryland",10950,AdC,"Adelphia-Holmdel complex, 5 to 10 percent slopes",3,609559,25,Holmdel,,8.0,27484143,20.0,138.0,9.17,52.0,22.0,26.0,1.55,2.65,39.0,82084012
203,24,9/9/2025 12:18:18 PM,MD003,"Anne Arundel County, Maryland",10950,AdC,"Adelphia-Holmdel complex, 5 to 10 percent slopes",3,609559,25,Holmdel,,8.0,27484143,138.0,183.0,28.0,67.0,11.0,22.0,1.55,2.65,39.0,82084014
204,24,9/9/2025 12:18:18 PM,MD003,"Anne Arundel County, Maryland",10950,AdC,"Adelphia-Holmdel complex, 5 to 10 percent slopes",3,609559,55,Adelphia,,8.0,27484144,56.0,119.0,9.0,47.0,20.0,33.0,1.6,2.65,38.0,82084015
205,24,9/9/2025 12:18:18 PM,MD003,"Anne Arundel County, Maryland",10950,AdC,"Adelphia-Holmdel complex, 5 to 10 percent slopes",3,609559,55,Adelphia,,8.0,27484144,15.0,48.0,78.0,82.0,8.0,10.0,1.5,2.65,40.0,82084020
206,24,9/9/2025 12:18:18 PM,MD003,"Anne Arundel County, Maryland",10950,AdC,"Adelphia-Holmdel complex, 5 to 10 percent slopes",3,609559,55,Adelphia,,8.0,27484144,119.0,180.0,9.0,73.0,15.0,12.0,1.6,2.65,36.0,82084017
207,24,9/9/2025 12:18:18 PM,MD003,"Anne Arundel County, Maryland",10950,AdC,"Adelphia-Holmdel complex, 5 to 10 percent slopes",3,609559,55,Adelphia,,8.0,27484144,48.0,56.0,23.0,76.0,15.0,9.0,1.6,2.65,38.0,82084018
208,24,9/9/2025 12:18:18 PM,MD003,"Anne Arundel County, Maryland",10950,AdC,"Adelphia-Holmdel complex, 5 to 10 percent slopes",3,609559,55,Adelphia,,8.0,27484144,180.0,203.0,23.0,70.0,10.0,20.0,1.6,2.65,38.0,82084019
209,24,9/9/2025 12:18:18 PM,MD003,"Anne Arundel County, Maryland",10950,AdC,"Adelphia-Holmdel complex, 5 to 10 percent slopes",3,609559,55,Adelphia,,8.0,27484144,0.0,15.0,9.0,24.0,15.4,60.6,1.33,2.65,39.0,82084016
210,24,9/9/2025 12:18:18 PM,MD003,"Anne Arundel County, Maryland",10950,CRD,"Collington and Annapolis soils, 10 to 15 percent slopes",32,609565,10,Westphalia,,,27484250,0.0,28.0,28.0,76.8,7.9,15.3,1.5,,39.0,82084268
211,24,9/9/2025 12:18:18 PM,MD003,"Anne Arundel County, Maryland",10950,CRD,"Collington and Annapolis soils, 10 to 15 percent slopes",32,609565,10,Westphalia,,,27484250,28.0,43.0,28.0,74.6,14.2,11.2,1.5,,41.0,82084269
212,24,9/9/2025 12:18:18 PM,MD003,"Anne Arundel County, Maryland",10950,CRD,"Collington and Annapolis soils, 10 to 15 percent slopes",32,609565,10,Westphalia,,,27484250,145.0,175.0,28.0,83.0,8.0,9.0,1.6,,37.0,82084271
213,24,9/9/2025 12:18:18 PM,MD003,"Anne Arundel County, Maryland",10950,CRD,"Collington and Annapolis soils, 10 to 15 percent slopes",32,609565,10,Westphalia,,,27484250,43.0,130.0,98.0,87.1,7.5,5.4,1.5,,41.0,82084272
214,24,9/9/2025 12:18:18 PM,MD003,"Anne Arundel County, Maryland",10950,CRD,"Collington and Annapolis soils, 10 to 15 percent slopes",32,609565,10,Westphalia,,,27484250,130.0,145.0,98.0,89.6,8.1,2.3,1.65,,32.0,82084270
215,24,9/9/2025 12:18:18 PM,MD003,"Anne Arundel County, Maryland",10950,CRD,"Collington and Annapolis soils, 10 to 15 percent slopes",32,609565,5,Holmdel,,,27484251,,,,,,,,,,-1
216,24,9/9/2025 12:18:18 PM,MD003,"Anne Arundel County, Maryland",10950,CRD,"Collington and Annapolis soils, 10 to 15 percent slopes",32,609565,10,Wist,,,27484252,,,,,,,,,,-1
217,24,9/9/2025 12:18:18 PM,MD003,"Anne Arundel County, Maryland",10950,CRD,"Collington and Annapolis soils, 10 to 15 percent slopes",32,609565,30,Annapolis,,13.0,27484253,155.0,206.0,1.5,87.7,8.9,3.4,1.55,,39.0,82084276
218,24,9/9/2025 12:18:18 PM,MD003,"Anne Arundel County, Maryland",10950,CRD,"Collington and Annapolis soils, 10 to 15 percent slopes",32,609565,30,Annapolis,,13.0,27484253,69.0,155.0,1.5,85.3,12.5,2.2,1.65,,30.0,82084273
219,24,9/9/2025 12:18:18 PM,MD003,"Anne Arundel County, Maryland",10950,CRD,"Collington and Annapolis soils, 10 to 15 percent slopes",32,609565,30,Annapolis,,13.0,27484253,0.0,20.0,28.0,66.8,11.1,22.1,1.5,,40.0,82084274
220,24,9/9/2025 12:18:18 PM,MD003,"Anne Arundel County, Maryland",10950,CRD,"Collington and Annapolis soils, 10 to 15 percent slopes",32,609565,30,Annapolis,,13.0,27484253,20.0,69.0,1.34,51.5,26.3,22.2,1.52,,36.0,82084275
221,24,9/9/2025 12:18:18 PM,MD003,"Anne Arundel County, Maryland",10950,CRD,"Collington and Annapolis soils, 10 to 15 percent slopes",32,609565,45,Collington,,12.0,27484254,25.0,86.0,4.23,60.6,21.8,17.6,1.41,,44.0,82084279
222,24,9/9/2025 12:18:18 PM,MD003,"Anne Arundel County, Maryland",10950,CRD,"Collington and Annapolis soils, 10 to 15 percent slopes",32,609565,45,Collington,,12.0,27484254,0.0,25.0,28.0,75.5,15.8,8.7,1.57,,38.0,82084278
223,24,9/9/2025 12:18:18 PM,MD003,"Anne Arundel County, Maryland",10950,CRD,"Collington and Annapolis soils, 10 to 15 percent slopes",32,609565,45,Collington,,12.0,27484254,86.0,183.0,4.23,72.6,17.9,9.5,1.47,,42.0,82084277
224,24,9/9/2025 12:18:18 PM,MD003,"Anne Arundel County, Maryland",10950,CSE,"Collington, Wist, and Westphalia soils, 15 to 25 percent slopes",33,609566,30,Wist,,20.0,27484255,33.0,104.0,22.0,61.0,21.7,17.3,1.44,,,82084283
225,24,9/9/2025 12:18:18 PM,MD003,"Anne Arundel County, Maryland",10950,CSE,"Collington, Wist, and Westphalia soils, 15 to 25 percent slopes",33,609566,30,Wist,,20.0,27484255,0.0,8.0,28.0,74.4,9.6,16.0,1.58,,37.0,82084280
226,24,9/9/2025 12:18:18 PM,MD003,"Anne Arundel County, Maryland",10950,CSE,"Collington, Wist, and Westphalia soils, 15 to 25 percent slopes",33,609566,30,Wist,,20.0,27484255,104.0,208.0,28.0,70.3,13.3,16.4,1.26,,47.0,82084281
227,24,9/9/2025 12:18:18 PM,MD003,"Anne Arundel County, Maryland",10950,CSE,"Collington, Wist, and Westphalia soils, 15 to 25 percent slopes",33,609566,30,Wist,,20.0,27484255,8.0,33.0,28.0,66.3,12.6,21.1,1.4,,43.0,82084282
228,24,9/9/2025 12:18:18 PM,MD003,"Anne Arundel County, Maryland",10950,CSE,"Collington, Wist, and Westphalia soils, 15 to 25 percent slopes",33,609566,35,Collington,,20.0,27484256,10.0,86.0,4.23,60.6,21.8,17.6,1.41,,44.0,82084286
229,24,9/9/2025 12:18:18 PM,MD003,"Anne Arundel County, Maryland",10950,CSE,"Collington, Wist, and Westphalia soils, 15 to 25 percent slopes",33,609566,35,Collington,,20.0,27484256,0.0,10.0,28.0,75.5,15.8,8.7,1.57,,38.0,82084285
230,24,9/9/2025 12:18:18 PM,MD003,"Anne Arundel County, Maryland",10950,CSE,"Collington, Wist, and Westphalia soils, 15 to 25 percent slopes",33,609566,35,Collington,,20.0,27484256,86.0,183.0,4.23,72.6,17.9,9.5,1.47,,42.0,82084284
231,24,9/9/2025 12:18:18 PM,MD003,"Anne Arundel County, Maryland",10950,CSE,"Collington, Wist, and Westphalia soils, 15 to 25 percent slopes",33,609566,5,Widewater,,,27484257,,,,,,,,,,-1
232,24,9/9/2025 12:18:18 PM,MD003,"Anne Arundel County, Maryland",10950,CSE,"Collington, Wist, and Westphalia soils, 15 to 25 percent slopes",33,609566,10,Adelphia,,,27484258,56.0,119.0,9.0,47.0,20.0,33.0,1.6,,38.0,82084290
233,24,9/9/2025 12:18:18 PM,MD003,"Anne Arundel County, Maryland",10950,CSE,"Collington, Wist, and Westphalia soils, 15 to 25 percent slopes",33,609566,10,Adelphia,,,27484258,3.0,48.0,78.0,82.0,8.0,10.0,1.5,,40.0,82084288
234,24,9/9/2025 12:18:18 PM,MD003,"Anne Arundel County, Maryland",10950,CSE,"Collington, Wist, and Westphalia soils, 15 to 25 percent slopes",33,609566,10,Adelphia,,,27484258,48.0,56.0,23.0,76.0,15.0,9.0,1.6,,38.0,82084289
235,24,9/9/2025 12:18:18 PM,MD003,"Anne Arundel County, Maryland",10950,CSE,"Collington, Wist, and Westphalia soils, 15 to 25 percent slopes",33,609566,10,Adelphia,,,27484258,119.0,180.0,9.0,73.0,15.0,12.0,1.6,,36.0,82084287
236,24,9/9/2025 12:18:18 PM,MD003,"Anne Arundel County, Maryland",10950,CSE,"Collington, Wist, and Westphalia soils, 15 to 25 percent slopes",33,609566,10,Adelphia,,,27484258,180.0,203.0,23.0,70.0,10.0,20.0,1.6,,38.0,82084291
237,24,9/9/2025 12:18:18 PM,MD003,"Anne Arundel County, Maryland",10950,CSE,"Collington, Wist, and Westphalia soils, 15 to 25 percent slopes",33,609566,10,Adelphia,,,27484258,0.0,3.0,28.0,66.9,10.0,23.1,1.5,,39.0,82084292
238,24,9/9/2025 12:18:18 PM,MD003,"Anne Arundel County, Maryland",10950,CSE,"Collington, Wist, and Westphalia soils, 15 to 25 percent slopes",33,609566,20,Westphalia,,20.0,27484259,15.0,30.0,28.0,74.6,14.2,11.2,1.5,,41.0,82084295
239,24,9/9/2025 12:18:18 PM,MD003,"Anne Arundel County, Maryland",10950,CSE,"Collington, Wist, and Westphalia soils, 15 to 25 percent slopes",33,609566,20,Westphalia,,20.0,27484259,107.0,183.0,28.0,83.0,8.0,9.0,1.6,,37.0,82084296
240,24,9/9/2025 12:18:18 PM,MD003,"Anne Arundel County, Maryland",10950,CSE,"Collington, Wist, and Westphalia soils, 15 to 25 percent slopes",33,609566,20,Westphalia,,20.0,27484259,30.0,107.0,98.0,87.1,7.5,5.4,1.5,,41.0,82084294
241,24,9/9/2025 12:18:18 PM,MD003,"Anne Arundel County, Maryland",10950,CSE,"Collington, Wist, and Westphalia soils, 15 to 25 percent slopes",33,609566,20,Westphalia,,20.0,27484259,0.0,15.0,28.0,76.8,7.9,15.3,1.5,,39.0,82084293
242,24,9/9/2025 12:18:18 PM,MD003,"Anne Arundel County, Maryland",10950,CSF,"Collington, Wist, and Westphalia soils, 25 to 40 percent slopes",34,609567,30,Wist,,35.0,27484260,33.0,104.0,22.0,61.0,21.7,17.3,1.44,,,82084300
243,24,9/9/2025 12:18:18 PM,MD003,"Anne Arundel County, Maryland",10950,CSF,"Collington, Wist, and Westphalia soils, 25 to 40 percent slopes",34,609567,30,Wist,,35.0,27484260,0.0,8.0,28.0,74.4,9.6,16.0,1.58,,37.0,82084297
244,24,9/9/2025 12:18:18 PM,MD003,"Anne Arundel County, Maryland",10950,CSF,"Collington, Wist, and Westphalia soils, 25 to 40 percent slopes",34,609567,30,Wist,,35.0,27484260,104.0,208.0,28.0,70.3,13.3,16.4,1.26,,47.0,82084298
245,24,9/9/2025 12:18:18 PM,MD003,"Anne Arundel County, Maryland",10950,CSF,"Collington, Wist, and Westphalia soils, 25 to 40 percent slopes",34,609567,30,Wist,,35.0,27484260,8.0,33.0,28.0,66.3,12.6,21.1,1.4,,43.0,82084299
246,24,9/9/2025 12:18:18 PM,MD003,"Anne Arundel County, Maryland",10950,CSF,"Collington, Wist, and Westphalia soils, 25 to 40 percent slopes",34,609567,35,Collington,,35.0,27484261,5.0,86.0,4.23,60.6,21.8,17.6,1.41,,44.0,82084303
247,24,9/9/2025 12:18:18 PM,MD003,"Anne Arundel County, Maryland",10950,CSF,"Collington, Wist, and Westphalia soils, 25 to 40 percent slopes",34,609567,35,Collington,,35.0,27484261,0.0,5.0,28.0,75.5,15.8,8.7,1.57,,38.0,82084302
248,24,9/9/2025 12:18:18 PM,MD003,"Anne Arundel County, Maryland",10950,CSF,"Collington, Wist, and Westphalia soils, 25 to 40 percent slopes",34,609567,35,Collington,,35.0,27484261,86.0,183.0,4.23,72.6,17.9,9.5,1.47,,42.0,82084301
249,24,9/9/2025 12:18:18 PM,MD003,"Anne Arundel County, Maryland",10950,CSF,"Collington, Wist, and Westphalia soils, 25 to 40 percent slopes",34,609567,10,Widewater,,,27484262,,,,,,,,,,-1
250,24,9/9/2025 12:18:18 PM,MD003,"Anne Arundel County, Maryland",10950,CSF,"Collington, Wist, and Westphalia soils, 25 to 40 percent slopes",34,609567,5,Adelphia,,,27484263,56.0,119.0,9.0,47.0,20.0,33.0,1.6,,38.0,82084306
251,24,9/9/2025 12:18:18 PM,MD003,"Anne Arundel County, Maryland",10950,CSF,"Collington, Wist, and Westphalia soils, 25 to 40 percent slopes",34,609567,5,Adelphia,,,27484263,3.0,48.0,78.0,82.0,8.0,10.0,1.5,,40.0,82084304
252,24,9/9/2025 12:18:18 PM,MD003,"Anne Arundel County, Maryland",10950,CSF,"Collington, Wist, and Westphalia soils, 25 to 40 percent slopes",34,609567,5,Adelphia,,,27484263,48.0,56.0,23.0,76.0,15.0,9.0,1.6,,38.0,82084305
253,24,9/9/2025 12:18:18 PM,MD003,"Anne Arundel County, Maryland",10950,CSF,"Collington, Wist, and Westphalia soils, 25 to 40 percent slopes",34,609567,5,Adelphia,,,27484263,119.0,180.0,9.0,73.0,15.0,12.0,1.6,,36.0,82084307
254,24,9/9/2025 12:18:18 PM,MD003,"Anne Arundel County, Maryland",10950,CSF,"Collington, Wist, and Westphalia soils, 25 to 40 percent slopes",34,609567,5,Adelphia,,,27484263,180.0,203.0,23.0,70.0,10.0,20.0,1.6,,38.0,82084309
255,24,9/9/2025 12:18:18 PM,MD003,"Anne Arundel County, Maryland",10950,CSF,"Collington, Wist, and Westphalia soils, 25 to 40 percent slopes",34,609567,5,Adelphia,,,27484263,0.0,3.0,28.0,66.9,10.0,23.1,1.5,,39.0,82084308
256,24,9/9/2025 12:18:18 PM,MD003,"Anne Arundel County, Maryland",10950,CSF,"Collington, Wist, and Westphalia soils, 25 to 40 percent slopes",34,609567,20,Westphalia,,35.0,27484264,15.0,30.0,28.0,74.6,14.2,11.2,1.5,,41.0,82084312
257,24,9/9/2025 12:18:18 PM,MD003,"Anne Arundel County, Maryland",10950,CSF,"Collington, Wist, and Westphalia soils, 25 to 40 percent slopes",34,609567,20,Westphalia,,35.0,27484264,107.0,183.0,28.0,83.0,8.0,9.0,1.6,,37.0,82084313
258,24,9/9/2025 12:18:18 PM,MD003,"Anne Arundel County, Maryland",10950,CSF,"Collington, Wist, and Westphalia soils, 25 to 40 percent slopes",34,609567,20,Westphalia,,35.0,27484264,30.0,107.0,98.0,87.1,7.5,5.4,1.5,,41.0,82084311
259,24,9/9/2025 12:18:18 PM,MD003,"Anne Arundel County, Maryland",10950,CSF,"Collington, Wist, and Westphalia soils, 25 to 40 percent slopes",34,609567,20,Westphalia,,35.0,27484264,0.0,15.0,28.0,76.8,7.9,15.3,1.5,,39.0,82084310
260,24,9/9/2025 12:18:18 PM,MD003,"Anne Arundel County, Maryland",10950,HME,"Howell and Annapolis soils, 15 to 25 percent slopes",67,609587,5,Wist,,,27484420,,,,,,,,,,-1
261,24,9/9/2025 12:18:18 PM,MD003,"Anne Arundel County, Maryland",10950,HME,"Howell and Annapolis soils, 15 to 25 percent slopes",67,609587,5,Donlonton,,,27484421,,,,,,,,,,-1
262,24,9/9/2025 12:18:18 PM,MD003,"Anne Arundel County, Maryland",10950,HME,"Howell and Annapolis soils, 15 to 25 percent slopes",67,609587,40,Annapolis,,20.0,27484422,155.0,206.0,1.5,87.7,8.9,3.4,1.55,2.65,39.0,82084709
263,24,9/9/2025 12:18:18 PM,MD003,"Anne Arundel County, Maryland",10950,HME,"Howell and Annapolis soils, 15 to 25 percent slopes",67,609587,40,Annapolis,,20.0,27484422,69.0,155.0,1.5,85.3,12.5,2.2,1.65,2.65,30.0,82084706
264,24,9/9/2025 12:18:18 PM,MD003,"Anne Arundel County, Maryland",10950,HME,"Howell and Annapolis soils, 15 to 25 percent slopes",67,609587,40,Annapolis,,20.0,27484422,0.0,20.0,28.0,66.8,11.1,22.1,1.5,2.65,40.0,82084707
265,24,9/9/2025 12:18:18 PM,MD003,"Anne Arundel County, Maryland",10950,HME,"Howell and Annapolis soils, 15 to 25 percent slopes",67,609587,40,Annapolis,,20.0,27484422,20.0,69.0,1.34,51.5,26.3,22.2,1.52,2.65,36.0,82084708
266,24,9/9/2025 12:18:18 PM,MD003,"Anne Arundel County, Maryland",10950,HME,"Howell and Annapolis soils, 15 to 25 percent slopes",67,609587,50,Howell,,20.0,27484423,43.0,203.0,1.41,2.0,42.6,55.4,1.4,,45.0,82084712
267,24,9/9/2025 12:18:18 PM,MD003,"Anne Arundel County, Maryland",10950,HME,"Howell and Annapolis soils, 15 to 25 percent slopes",67,609587,50,Howell,,20.0,27484423,13.0,43.0,1.41,23.0,45.0,32.0,1.35,,45.0,82084711
268,24,9/9/2025 12:18:18 PM,MD003,"Anne Arundel County, Maryland",10950,HME,"Howell and Annapolis soils, 15 to 25 percent slopes",67,609587,50,Howell,,20.0,27484423,0.0,13.0,4.5,31.1,36.3,32.6,1.24,,47.0,82084710
269,24,9/9/2025 12:18:18 PM,MD003,"Anne Arundel County, Maryland",10950,WCwA,"Contees Wharf silty clay loam, 0 to 1 meter water depth",138,3098267,82,Contees Wharf,0 to 1 meter water depth,0.5,27484735,30.0,126.0,4.0,10.0,30.0,60.0,,,,82085587
270,24,9/9/2025 12:18:18 PM,MD003,"Anne Arundel County, Maryland",10950,WCwA,"Contees Wharf silty clay loam, 0 to 1 meter water depth",138,3098267,82,Contees Wharf,0 to 1 meter water depth,0.5,27484735,126.0,203.0,4.0,5.0,45.0,50.0,,,,82085588
271,24,9/9/2025 12:18:18 PM,MD003,"Anne Arundel County, Maryland",10950,WCwA,"Contees Wharf silty clay loam, 0 to 1 meter water depth",138,3098267,82,Contees Wharf,0 to 1 meter water depth,0.5,27484735,0.0,30.0,4.0,14.0,34.0,52.0,,,,82085586
272,24,9/9/2025 12:18:18 PM,MD003,"Anne Arundel County, Maryland",10950,WCwA,"Contees Wharf silty clay loam, 0 to 1 meter water depth",138,3098267,7,Rhode River,0 to 1 meter water depth,0.1,27484736,123.0,203.0,4.0,34.0,18.0,48.0,,,,82085657
273,24,9/9/2025 12:18:18 PM,MD003,"Anne Arundel County, Maryland",10950,WCwA,"Contees Wharf silty clay loam, 0 to 1 meter water depth",138,3098267,7,Rhode River,0 to 1 meter water depth,0.1,27484736,51.0,76.0,14.0,60.0,16.0,24.0,,,,82085655
274,24,9/9/2025 12:18:18 PM,MD003,"Anne Arundel County, Maryland",10950,WCwA,"Contees Wharf silty clay loam, 0 to 1 meter water depth",138,3098267,7,Rhode River,0 to 1 meter water depth,0.1,27484736,76.0,123.0,14.0,60.0,15.0,25.0,,,,82085656
275,24,9/9/2025 12:18:18 PM,MD003,"Anne Arundel County, Maryland",10950,WCwA,"Contees Wharf silty clay loam, 0 to 1 meter water depth",138,3098267,7,Rhode River,0 to 1 meter water depth,0.1,27484736,24.0,51.0,14.0,58.0,15.0,27.0,,,,82085653
276,24,9/9/2025 12:18:18 PM,MD003,"Anne Arundel County, Maryland",10950,WCwA,"Contees Wharf silty clay loam, 0 to 1 meter water depth",138,3098267,7,Rhode River,0 to 1 meter water depth,0.1,27484736,0.0,10.0,14.0,68.0,12.0,20.0,,,,82085652
277,24,9/9/2025 12:18:18 PM,MD003,"Anne Arundel County, Maryland",10950,WCwA,"Contees Wharf silty clay loam, 0 to 1 meter water depth",138,3098267,7,Rhode River,0 to 1 meter water depth,0.1,27484736,10.0,24.0,14.0,60.0,12.0,28.0,,,,82085654
278,24,9/9/2025 12:18:18 PM,MD003,"Anne Arundel County, Maryland",10950,WCwA,"Contees Wharf silty clay loam, 0 to 1 meter water depth",138,3098267,6,Sand Point,0 to 1 meter water depth,1.0,27484737,5.0,61.0,100.0,96.0,2.0,2.0,,,,82085658
279,24,9/9/2025 12:18:18 PM,MD003,"Anne Arundel County, Maryland",10950,WCwA,"Contees Wharf silty clay loam, 0 to 1 meter water depth",138,3098267,6,Sand Point,0 to 1 meter water depth,1.0,27484737,61.0,88.0,100.0,87.0,7.0,6.0,,,,82085660
280,24,9/9/2025 12:18:18 PM,MD003,"Anne Arundel County, Maryland",10950,WCwA,"Contees Wharf silty clay loam, 0 to 1 meter water depth",138,3098267,6,Sand Point,0 to 1 meter water depth,1.0,27484737,88.0,203.0,4.0,35.0,17.0,48.0,,,,82085661
281,24,9/9/2025 12:18:18 PM,MD003,"Anne Arundel County, Maryland",10950,WCwA,"Contees Wharf silty clay loam, 0 to 1 meter water depth",138,3098267,6,Sand Point,0 to 1 meter water depth,1.0,27484737,0.0,5.0,100.0,96.0,2.0,2.0,,,,82085659
282,24,9/9/2025 12:18:18 PM,MD003,"Anne Arundel County, Maryland",10950,WCwA,"Contees Wharf silty clay loam, 0 to 1 meter water depth",138,3098267,5,Sellman,2.5 to 4.5 meter water depth,0.1,27484738,22.0,88.0,4.0,10.0,42.0,48.0,,,,82085663
283,24,9/9/2025 12:18:18 PM,MD003,"Anne Arundel County, Maryland",10950,WCwA,"Contees Wharf silty clay loam, 0 to 1 meter water depth",138,3098267,5,Sellman,2.5 to 4.5 meter water depth,0.1,27484738,88.0,203.0,4.0,10.0,44.0,46.0,,,,82085664
284,24,9/9/2025 12:18:18 PM,MD003,"Anne Arundel County, Maryland",10950,WCwA,"Contees Wharf silty clay loam, 0 to 1 meter water depth",138,3098267,5,Sellman,2.5 to 4.5 meter water depth,0.1,27484738,0.0,22.0,4.0,10.0,39.0,51.0,,,,82085662
